{
    "loss": 3.8316357135772705,
    "accuracy": 0.8602293729782104
}