{
    "loss": 48.04205322265625,
    "accuracy": 0.7382317781448364
}